municipio;curso;grau;turno;modalidade;nivel;habilitacao;convenio;forma_ingresso;ano;periodo;quantidade;
BACABAL;CIÊNCIAS HUMANAS - SOCIOLOGIA;LICENCIATURA PLENA;Noturno;Presencial;G;;;SISU - AMPLA CONCORRÊNCIA;2019;2;25;
BACABAL;CIÊNCIAS HUMANAS - SOCIOLOGIA;LICENCIATURA PLENA;Noturno;Presencial;G;;;SISU - ESCOLA PÚBLICA;2019;2;4;
BACABAL;CIÊNCIAS HUMANAS - SOCIOLOGIA;LICENCIATURA PLENA;Noturno;Presencial;G;;;SISU - ESCOLA PUBLICA - NEGRO;2019;2;7;
BACABAL;CIÊNCIAS HUMANAS - SOCIOLOGIA;LICENCIATURA PLENA;Noturno;Presencial;G;;;SISU - ESCOLA PUBLICA - NEGRO - DEFICIENTE - RF;2019;2;2;
BACABAL;CIÊNCIAS HUMANAS - SOCIOLOGIA;LICENCIATURA PLENA;Noturno;Presencial;G;;;SISU - ESCOLA PUBLICA - NEGRO - RF;2019;2;11;
BACABAL;CIÊNCIAS HUMANAS - SOCIOLOGIA;LICENCIATURA PLENA;Noturno;Presencial;G;;;SISU - ESCOLA PUBLICA - RF;2019;2;3;
BACABAL;CIÊNCIAS NATURAIS - BIOLOGIA;LICENCIATURA PLENA;Noturno;Presencial;G;;;SISU - AMPLA CONCORRÊNCIA;2019;2;19;
BACABAL;CIÊNCIAS NATURAIS - BIOLOGIA;LICENCIATURA PLENA;Noturno;Presencial;G;;;SISU - ESCOLA PUBLICA - NEGRO;2019;2;4;
BACABAL;CIÊNCIAS NATURAIS - BIOLOGIA;LICENCIATURA PLENA;Noturno;Presencial;G;;;SISU - ESCOLA PUBLICA - NEGRO - RF;2019;2;5;
BACABAL;CIÊNCIAS NATURAIS - FÍSICA;LICENCIATURA PLENA;Noturno;Presencial;G;;;SISU - AMPLA CONCORRÊNCIA;2019;2;15;
BACABAL;CIÊNCIAS NATURAIS - FÍSICA;LICENCIATURA PLENA;Noturno;Presencial;G;;;SISU - ESCOLA PÚBLICA;2019;2;1;
BACABAL;CIÊNCIAS NATURAIS - FÍSICA;LICENCIATURA PLENA;Noturno;Presencial;G;;;SISU - ESCOLA PUBLICA - INDIO - RF;2019;2;1;
BACABAL;CIÊNCIAS NATURAIS - FÍSICA;LICENCIATURA PLENA;Noturno;Presencial;G;;;SISU - ESCOLA PUBLICA - NEGRO;2019;2;3;
BACABAL;CIÊNCIAS NATURAIS - FÍSICA;LICENCIATURA PLENA;Noturno;Presencial;G;;;SISU - ESCOLA PUBLICA - NEGRO - RF;2019;2;3;
BACABAL;CIÊNCIAS NATURAIS - FÍSICA;LICENCIATURA PLENA;Noturno;Presencial;G;;;SISU - ESCOLA PUBLICA - RF;2019;2;1;
BACABAL;EDUCAÇÃO DO CAMPO;LICENCIATURA PLENA;Matutino, Vespertino e Noturno;Presencial;G;CIÊNCIAS AGRÁRIAS;ProCampo;PROCESSO SELETIVO - AMPLA CONCORRÊNCIA;2019;2;3;
BACABAL;EDUCAÇÃO DO CAMPO;LICENCIATURA PLENA;Matutino, Vespertino e Noturno;Presencial;G;CIÊNCIAS AGRÁRIAS;ProCampo;PROCESSO SELETIVO - ESCOLA PÚBLICA;2019;2;1;
BACABAL;EDUCAÇÃO DO CAMPO;LICENCIATURA PLENA;Matutino, Vespertino e Noturno;Presencial;G;CIÊNCIAS AGRÁRIAS;ProCampo;VESTIBULAR - AMPLA CONCORRÊNCIA;2019;2;18;
BACABAL;EDUCAÇÃO DO CAMPO;LICENCIATURA PLENA;Matutino, Vespertino e Noturno;Presencial;G;CIÊNCIAS AGRÁRIAS;ProCampo;VESTIBULAR - ESCOLA PÚBLICA;2019;2;5;
BACABAL;EDUCAÇÃO DO CAMPO;LICENCIATURA PLENA;Matutino, Vespertino e Noturno;Presencial;G;CIÊNCIAS DA NATUREZA E MATEMATICA;ProCampo;VESTIBULAR - AMPLA CONCORRÊNCIA;2019;2;11;
BACABAL;EDUCAÇÃO DO CAMPO;LICENCIATURA PLENA;Matutino, Vespertino e Noturno;Presencial;G;CIÊNCIAS DA NATUREZA E MATEMATICA;ProCampo;VESTIBULAR - ESCOLA PÚBLICA;2019;2;18;
BALSAS;CIÊNCIA E TECNOLOGIA;BACHARELADO;Matutino;Presencial;G;;;SISU - AMPLA CONCORRÊNCIA;2019;2;20;
BALSAS;CIÊNCIA E TECNOLOGIA;BACHARELADO;Matutino;Presencial;G;;;SISU - ESCOLA PÚBLICA;2019;2;2;
BALSAS;CIÊNCIA E TECNOLOGIA;BACHARELADO;Matutino;Presencial;G;;;SISU - ESCOLA PUBLICA - NEGRO;2019;2;7;
BALSAS;CIÊNCIA E TECNOLOGIA;BACHARELADO;Matutino;Presencial;G;;;SISU - ESCOLA PUBLICA - NEGRO - RF;2019;2;7;
BALSAS;CIÊNCIA E TECNOLOGIA;BACHARELADO;Matutino;Presencial;G;;;SISU - ESCOLA PUBLICA - RF;2019;2;2;
BALSAS;CIÊNCIA E TECNOLOGIA;BACHARELADO;Matutino;Presencial;G;;;TRANSFERÊNCIA VOLUNTÁRIA;2019;2;1;
BALSAS;CIÊNCIA E TECNOLOGIA;BACHARELADO;Noturno;Presencial;G;;;SISU - AMPLA CONCORRÊNCIA;2019;2;17;
BALSAS;CIÊNCIA E TECNOLOGIA;BACHARELADO;Noturno;Presencial;G;;;SISU - ESCOLA PÚBLICA;2019;2;2;
BALSAS;CIÊNCIA E TECNOLOGIA;BACHARELADO;Noturno;Presencial;G;;;SISU - ESCOLA PUBLICA - NEGRO;2019;2;8;
BALSAS;CIÊNCIA E TECNOLOGIA;BACHARELADO;Noturno;Presencial;G;;;SISU - ESCOLA PUBLICA - NEGRO - RF;2019;2;9;
BALSAS;CIÊNCIA E TECNOLOGIA;BACHARELADO;Noturno;Presencial;G;;;SISU - ESCOLA PUBLICA - RF;2019;2;2;
BALSAS;CIÊNCIA E TECNOLOGIA;BACHARELADO;Noturno;Presencial;G;;;TRANSFERÊNCIA VOLUNTÁRIA;2019;2;1;
BALSAS;ENGENHARIA AMBIENTAL;BACHARELADO;Vespertino e Noturno;Presencial;G;;;REINGRESSO SEGUNDO CICLO;2019;2;4;
BALSAS;ENGENHARIA CIVIL;BACHARELADO;Matutino;Presencial;G;;;REINGRESSO SEGUNDO CICLO;2019;2;12;
BALSAS;ENGENHARIA ELÉTRICA;BACHARELADO;Vespertino e Noturno;Presencial;G;;;REINGRESSO SEGUNDO CICLO;2019;2;1;
CHAPADINHA;AGRONOMIA;BACHARELADO;Matutino e Vespertino;Presencial;G;;;SISU - AMPLA CONCORRÊNCIA;2019;2;15;
CHAPADINHA;AGRONOMIA;BACHARELADO;Matutino e Vespertino;Presencial;G;;;SISU - ESCOLA PÚBLICA;2019;2;2;
CHAPADINHA;AGRONOMIA;BACHARELADO;Matutino e Vespertino;Presencial;G;;;SISU - ESCOLA PUBLICA - NEGRO;2019;2;5;
CHAPADINHA;AGRONOMIA;BACHARELADO;Matutino e Vespertino;Presencial;G;;;SISU - ESCOLA PUBLICA - NEGRO - RF;2019;2;7;
CHAPADINHA;CIÊNCIAS BIOLÓGICAS;LICENCIATURA PLENA;Vespertino;Presencial;G;;;SISU - AMPLA CONCORRÊNCIA;2019;2;18;
CHAPADINHA;CIÊNCIAS BIOLÓGICAS;LICENCIATURA PLENA;Vespertino;Presencial;G;;;SISU - ESCOLA PÚBLICA;2019;2;2;
CHAPADINHA;CIÊNCIAS BIOLÓGICAS;LICENCIATURA PLENA;Vespertino;Presencial;G;;;SISU - ESCOLA PUBLICA - NEGRO;2019;2;7;
CHAPADINHA;CIÊNCIAS BIOLÓGICAS;LICENCIATURA PLENA;Vespertino;Presencial;G;;;SISU - ESCOLA PUBLICA - NEGRO - RF;2019;2;6;
CHAPADINHA;CIÊNCIAS BIOLÓGICAS;LICENCIATURA PLENA;Vespertino;Presencial;G;;;SISU - ESCOLA PUBLICA - RF;2019;2;2;
CHAPADINHA;ENGENHARIA AGRÍCOLA;BACHARELADO;Matutino e Vespertino;Presencial;G;;;SISU - AMPLA CONCORRÊNCIA;2019;2;8;
CHAPADINHA;ENGENHARIA AGRÍCOLA;BACHARELADO;Matutino e Vespertino;Presencial;G;;;SISU - ESCOLA PUBLICA - NEGRO;2019;2;3;
CHAPADINHA;ENGENHARIA AGRÍCOLA;BACHARELADO;Matutino e Vespertino;Presencial;G;;;SISU - ESCOLA PUBLICA - NEGRO - RF;2019;2;6;
CHAPADINHA;ZOOTECNIA;BACHARELADO;Matutino e Vespertino;Presencial;G;;;SISU - AMPLA CONCORRÊNCIA;2019;2;18;
CHAPADINHA;ZOOTECNIA;BACHARELADO;Matutino e Vespertino;Presencial;G;;;SISU - ESCOLA PÚBLICA;2019;2;1;
CHAPADINHA;ZOOTECNIA;BACHARELADO;Matutino e Vespertino;Presencial;G;;;SISU - ESCOLA PUBLICA - NEGRO;2019;2;6;
CHAPADINHA;ZOOTECNIA;BACHARELADO;Matutino e Vespertino;Presencial;G;;;SISU - ESCOLA PUBLICA - NEGRO - RF;2019;2;6;
CODÓ;CIÊNCIAS HUMANAS - HISTÓRIA;LICENCIATURA PLENA;Noturno;Presencial;G;;;SISU - AMPLA CONCORRÊNCIA;2019;2;36;
CODÓ;CIÊNCIAS HUMANAS - HISTÓRIA;LICENCIATURA PLENA;Noturno;Presencial;G;;;SISU - ESCOLA PUBLICA - NEGRO;2019;2;9;
CODÓ;CIÊNCIAS HUMANAS - HISTÓRIA;LICENCIATURA PLENA;Noturno;Presencial;G;;;SISU - ESCOLA PUBLICA - NEGRO - RF;2019;2;7;
CODÓ;CIÊNCIAS HUMANAS - HISTÓRIA;LICENCIATURA PLENA;Noturno;Presencial;G;;;SISU - ESCOLA PUBLICA - RF;2019;2;1;
CODÓ;CIÊNCIAS NATURAIS - BIOLOGIA;LICENCIATURA PLENA;Noturno;Presencial;G;;;SISU - AMPLA CONCORRÊNCIA;2019;2;36;
CODÓ;CIÊNCIAS NATURAIS - BIOLOGIA;LICENCIATURA PLENA;Noturno;Presencial;G;;;SISU - ESCOLA PÚBLICA;2019;2;1;
CODÓ;CIÊNCIAS NATURAIS - BIOLOGIA;LICENCIATURA PLENA;Noturno;Presencial;G;;;SISU - ESCOLA PUBLICA - NEGRO;2019;2;5;
CODÓ;CIÊNCIAS NATURAIS - BIOLOGIA;LICENCIATURA PLENA;Noturno;Presencial;G;;;SISU - ESCOLA PUBLICA - NEGRO - RF;2019;2;7;
CODÓ;CIÊNCIAS NATURAIS - BIOLOGIA;LICENCIATURA PLENA;Noturno;Presencial;G;;;SISU - ESCOLA PUBLICA - RF;2019;2;4;
CODÓ;PEDAGOGIA;LICENCIATURA;Vespertino;Presencial;G;;;SISU - AMPLA CONCORRÊNCIA;2019;2;25;
CODÓ;PEDAGOGIA;LICENCIATURA;Vespertino;Presencial;G;;;SISU - ESCOLA PÚBLICA;2019;2;2;
CODÓ;PEDAGOGIA;LICENCIATURA;Vespertino;Presencial;G;;;SISU - ESCOLA PUBLICA - NEGRO;2019;2;9;
CODÓ;PEDAGOGIA;LICENCIATURA;Vespertino;Presencial;G;;;SISU - ESCOLA PUBLICA - NEGRO - RF;2019;2;10;
CODÓ;PEDAGOGIA;LICENCIATURA;Vespertino;Presencial;G;;;SISU - ESCOLA PUBLICA - RF;2019;2;1;
GRAJAÚ;CIÊNCIAS HUMANAS - GEOGRAFIA;LICENCIATURA PLENA;Noturno;Presencial;G;;;SISU - AMPLA CONCORRÊNCIA;2019;2;28;
GRAJAÚ;CIÊNCIAS HUMANAS - GEOGRAFIA;LICENCIATURA PLENA;Noturno;Presencial;G;;;SISU - ESCOLA PÚBLICA;2019;2;2;
GRAJAÚ;CIÊNCIAS HUMANAS - GEOGRAFIA;LICENCIATURA PLENA;Noturno;Presencial;G;;;SISU - ESCOLA PUBLICA - INDIO;2019;2;1;
GRAJAÚ;CIÊNCIAS HUMANAS - GEOGRAFIA;LICENCIATURA PLENA;Noturno;Presencial;G;;;SISU - ESCOLA PUBLICA - INDIO - RF;2019;2;2;
GRAJAÚ;CIÊNCIAS HUMANAS - GEOGRAFIA;LICENCIATURA PLENA;Noturno;Presencial;G;;;SISU - ESCOLA PUBLICA - NEGRO;2019;2;9;
GRAJAÚ;CIÊNCIAS HUMANAS - GEOGRAFIA;LICENCIATURA PLENA;Noturno;Presencial;G;;;SISU - ESCOLA PUBLICA - NEGRO - RF;2019;2;12;
GRAJAÚ;CIÊNCIAS NATURAIS - QUÍMICA;LICENCIATURA PLENA;Noturno;Presencial;G;;;SISU - AMPLA CONCORRÊNCIA;2019;2;32;
GRAJAÚ;CIÊNCIAS NATURAIS - QUÍMICA;LICENCIATURA PLENA;Noturno;Presencial;G;;;SISU - ESCOLA PUBLICA - INDIO;2019;2;1;
GRAJAÚ;CIÊNCIAS NATURAIS - QUÍMICA;LICENCIATURA PLENA;Noturno;Presencial;G;;;SISU - ESCOLA PUBLICA - INDIO - RF;2019;2;1;
GRAJAÚ;CIÊNCIAS NATURAIS - QUÍMICA;LICENCIATURA PLENA;Noturno;Presencial;G;;;SISU - ESCOLA PUBLICA - NEGRO;2019;2;9;
GRAJAÚ;CIÊNCIAS NATURAIS - QUÍMICA;LICENCIATURA PLENA;Noturno;Presencial;G;;;SISU - ESCOLA PUBLICA - NEGRO - RF;2019;2;8;
GRAJAÚ;CIÊNCIAS NATURAIS - QUÍMICA;LICENCIATURA PLENA;Noturno;Presencial;G;;;SISU - ESCOLA PUBLICA - RF;2019;2;2;
IMPERATRIZ;CIÊNCIAS CONTÁBEIS;BACHARELADO;Noturno;Presencial;G;;;SISU - AMPLA CONCORRÊNCIA;2019;2;23;
IMPERATRIZ;CIÊNCIAS CONTÁBEIS;BACHARELADO;Noturno;Presencial;G;;;SISU - ESCOLA PÚBLICA;2019;2;2;
IMPERATRIZ;CIÊNCIAS CONTÁBEIS;BACHARELADO;Noturno;Presencial;G;;;SISU - ESCOLA PUBLICA - INDIO;2019;2;1;
IMPERATRIZ;CIÊNCIAS CONTÁBEIS;BACHARELADO;Noturno;Presencial;G;;;SISU - ESCOLA PUBLICA - NEGRO;2019;2;8;
IMPERATRIZ;CIÊNCIAS CONTÁBEIS;BACHARELADO;Noturno;Presencial;G;;;SISU - ESCOLA PUBLICA - NEGRO - RF;2019;2;9;
IMPERATRIZ;CIÊNCIAS CONTÁBEIS;BACHARELADO;Noturno;Presencial;G;;;SISU - ESCOLA PUBLICA - RF;2019;2;2;
IMPERATRIZ;CIÊNCIAS HUMANAS - SOCIOLOGIA;LICENCIATURA PLENA;Noturno;Presencial;G;;;MATRICULA GRADUADO;2019;2;1;
IMPERATRIZ;CIÊNCIAS HUMANAS - SOCIOLOGIA;LICENCIATURA PLENA;Noturno;Presencial;G;;;SISU - AMPLA CONCORRÊNCIA;2019;2;27;
IMPERATRIZ;CIÊNCIAS HUMANAS - SOCIOLOGIA;LICENCIATURA PLENA;Noturno;Presencial;G;;;SISU - ESCOLA PÚBLICA;2019;2;3;
IMPERATRIZ;CIÊNCIAS HUMANAS - SOCIOLOGIA;LICENCIATURA PLENA;Noturno;Presencial;G;;;SISU - ESCOLA PUBLICA - NEGRO;2019;2;10;
IMPERATRIZ;CIÊNCIAS HUMANAS - SOCIOLOGIA;LICENCIATURA PLENA;Noturno;Presencial;G;;;SISU - ESCOLA PUBLICA - NEGRO - DEFICIENTE;2019;2;1;
IMPERATRIZ;CIÊNCIAS HUMANAS - SOCIOLOGIA;LICENCIATURA PLENA;Noturno;Presencial;G;;;SISU - ESCOLA PUBLICA - NEGRO - DEFICIENTE - RF;2019;2;1;
IMPERATRIZ;CIÊNCIAS HUMANAS - SOCIOLOGIA;LICENCIATURA PLENA;Noturno;Presencial;G;;;SISU - ESCOLA PUBLICA - NEGRO - RF;2019;2;10;
IMPERATRIZ;CIÊNCIAS HUMANAS - SOCIOLOGIA;LICENCIATURA PLENA;Noturno;Presencial;G;;;SISU - ESCOLA PUBLICA - RF;2019;2;1;
IMPERATRIZ;CIÊNCIAS NATURAIS - BIOLOGIA;LICENCIATURA PLENA;Noturno;Presencial;G;;;SISU - AMPLA CONCORRÊNCIA;2019;2;28;
IMPERATRIZ;CIÊNCIAS NATURAIS - BIOLOGIA;LICENCIATURA PLENA;Noturno;Presencial;G;;;SISU - ESCOLA PÚBLICA;2019;2;3;
IMPERATRIZ;CIÊNCIAS NATURAIS - BIOLOGIA;LICENCIATURA PLENA;Noturno;Presencial;G;;;SISU - ESCOLA PUBLICA - NEGRO;2019;2;10;
IMPERATRIZ;CIÊNCIAS NATURAIS - BIOLOGIA;LICENCIATURA PLENA;Noturno;Presencial;G;;;SISU - ESCOLA PUBLICA - NEGRO - DEFICIENTE - RF;2019;2;1;
IMPERATRIZ;CIÊNCIAS NATURAIS - BIOLOGIA;LICENCIATURA PLENA;Noturno;Presencial;G;;;SISU - ESCOLA PUBLICA - NEGRO - RF;2019;2;9;
IMPERATRIZ;CIÊNCIAS NATURAIS - BIOLOGIA;LICENCIATURA PLENA;Noturno;Presencial;G;;;SISU - ESCOLA PUBLICA - RF;2019;2;3;
IMPERATRIZ;COMUNICAÇÃO SOCIAL - JORNALISMO;BACHARELADO;Vespertino;Presencial;G;;;SISU - AMPLA CONCORRÊNCIA;2019;2;21;
IMPERATRIZ;COMUNICAÇÃO SOCIAL - JORNALISMO;BACHARELADO;Vespertino;Presencial;G;;;SISU - ESCOLA PÚBLICA;2019;2;1;
IMPERATRIZ;COMUNICAÇÃO SOCIAL - JORNALISMO;BACHARELADO;Vespertino;Presencial;G;;;SISU - ESCOLA PUBLICA - NEGRO;2019;2;5;
IMPERATRIZ;COMUNICAÇÃO SOCIAL - JORNALISMO;BACHARELADO;Vespertino;Presencial;G;;;SISU - ESCOLA PUBLICA - NEGRO - DEFICIENTE - RF;2019;2;1;
IMPERATRIZ;COMUNICAÇÃO SOCIAL - JORNALISMO;BACHARELADO;Vespertino;Presencial;G;;;SISU - ESCOLA PUBLICA - NEGRO - RF;2019;2;7;
IMPERATRIZ;COMUNICAÇÃO SOCIAL - JORNALISMO;BACHARELADO;Vespertino;Presencial;G;;;SISU - ESCOLA PUBLICA - RF;2019;2;4;
IMPERATRIZ;DIREITO;BACHARELADO;Noturno;Presencial;G;;;JUDICIAL;2019;2;1;
IMPERATRIZ;DIREITO;BACHARELADO;Noturno;Presencial;G;;;MATRICULA GRADUADO;2019;2;18;
IMPERATRIZ;DIREITO;BACHARELADO;Noturno;Presencial;G;;;REMOCAO;2019;2;1;
IMPERATRIZ;DIREITO;BACHARELADO;Noturno;Presencial;G;;;REOPCAO;2019;2;5;
IMPERATRIZ;DIREITO;BACHARELADO;Noturno;Presencial;G;;;SISU - AMPLA CONCORRÊNCIA;2019;2;17;
IMPERATRIZ;DIREITO;BACHARELADO;Noturno;Presencial;G;;;SISU - ESCOLA PÚBLICA;2019;2;2;
IMPERATRIZ;DIREITO;BACHARELADO;Noturno;Presencial;G;;;SISU - ESCOLA PUBLICA - NEGRO;2019;2;6;
IMPERATRIZ;DIREITO;BACHARELADO;Noturno;Presencial;G;;;SISU - ESCOLA PUBLICA - NEGRO - DEFICIENTE - RF;2019;2;1;
IMPERATRIZ;DIREITO;BACHARELADO;Noturno;Presencial;G;;;SISU - ESCOLA PUBLICA - NEGRO - RF;2019;2;6;
IMPERATRIZ;DIREITO;BACHARELADO;Noturno;Presencial;G;;;SISU - ESCOLA PUBLICA - RF;2019;2;2;
IMPERATRIZ;DIREITO;BACHARELADO;Noturno;Presencial;G;;;TRANSFERÊNCIA VOLUNTÁRIA;2019;2;11;
IMPERATRIZ;ENFERMAGEM;BACHARELADO;Matutino e Vespertino;Presencial;G;;;SISU - AMPLA CONCORRÊNCIA;2019;2;21;
IMPERATRIZ;ENFERMAGEM;BACHARELADO;Matutino e Vespertino;Presencial;G;;;SISU - ESCOLA PÚBLICA;2019;2;2;
IMPERATRIZ;ENFERMAGEM;BACHARELADO;Matutino e Vespertino;Presencial;G;;;SISU - ESCOLA PUBLICA - INDIO;2019;2;1;
IMPERATRIZ;ENFERMAGEM;BACHARELADO;Matutino e Vespertino;Presencial;G;;;SISU - ESCOLA PUBLICA - NEGRO;2019;2;6;
IMPERATRIZ;ENFERMAGEM;BACHARELADO;Matutino e Vespertino;Presencial;G;;;SISU - ESCOLA PUBLICA - NEGRO - DEFICIENTE;2019;2;1;
IMPERATRIZ;ENFERMAGEM;BACHARELADO;Matutino e Vespertino;Presencial;G;;;SISU - ESCOLA PUBLICA - NEGRO - RF;2019;2;9;
IMPERATRIZ;ENFERMAGEM;BACHARELADO;Matutino e Vespertino;Presencial;G;;;SISU - ESCOLA PUBLICA - RF;2019;2;3;
IMPERATRIZ;ENGENHARIA DE ALIMENTOS;BACHARELADO;Matutino e Vespertino;Presencial;G;;;SISU - AMPLA CONCORRÊNCIA;2019;2;14;
IMPERATRIZ;ENGENHARIA DE ALIMENTOS;BACHARELADO;Matutino e Vespertino;Presencial;G;;;SISU - ESCOLA PÚBLICA;2019;2;1;
IMPERATRIZ;ENGENHARIA DE ALIMENTOS;BACHARELADO;Matutino e Vespertino;Presencial;G;;;SISU - ESCOLA PUBLICA - NEGRO;2019;2;7;
IMPERATRIZ;ENGENHARIA DE ALIMENTOS;BACHARELADO;Matutino e Vespertino;Presencial;G;;;SISU - ESCOLA PUBLICA - NEGRO - DEFICIENTE;2019;2;1;
IMPERATRIZ;ENGENHARIA DE ALIMENTOS;BACHARELADO;Matutino e Vespertino;Presencial;G;;;SISU - ESCOLA PUBLICA - NEGRO - RF;2019;2;8;
IMPERATRIZ;ENGENHARIA DE ALIMENTOS;BACHARELADO;Matutino e Vespertino;Presencial;G;;;SISU - ESCOLA PUBLICA - RF;2019;2;2;
IMPERATRIZ;MEDICINA;BACHARELADO;Matutino e Vespertino;Presencial;G;;;JUDICIAL;2019;2;1;
IMPERATRIZ;MEDICINA;BACHARELADO;Matutino e Vespertino;Presencial;G;;;SISU - AMPLA CONCORRÊNCIA;2019;2;24;
IMPERATRIZ;MEDICINA;BACHARELADO;Matutino e Vespertino;Presencial;G;;;SISU - ESCOLA PÚBLICA;2019;2;1;
IMPERATRIZ;MEDICINA;BACHARELADO;Matutino e Vespertino;Presencial;G;;;SISU - ESCOLA PUBLICA - INDIO - RF;2019;2;1;
IMPERATRIZ;MEDICINA;BACHARELADO;Matutino e Vespertino;Presencial;G;;;SISU - ESCOLA PUBLICA - NEGRO;2019;2;8;
IMPERATRIZ;MEDICINA;BACHARELADO;Matutino e Vespertino;Presencial;G;;;SISU - ESCOLA PUBLICA - NEGRO - DEFICIENTE;2019;2;1;
IMPERATRIZ;MEDICINA;BACHARELADO;Matutino e Vespertino;Presencial;G;;;SISU - ESCOLA PUBLICA - NEGRO - DEFICIENTE - RF;2019;2;1;
IMPERATRIZ;MEDICINA;BACHARELADO;Matutino e Vespertino;Presencial;G;;;SISU - ESCOLA PUBLICA - NEGRO - RF;2019;2;6;
IMPERATRIZ;MEDICINA;BACHARELADO;Matutino e Vespertino;Presencial;G;;;SISU - ESCOLA PUBLICA - RF;2019;2;1;
IMPERATRIZ;PEDAGOGIA;LICENCIATURA;Matutino;Presencial;G;;;SISU - AMPLA CONCORRÊNCIA;2019;2;18;
IMPERATRIZ;PEDAGOGIA;LICENCIATURA;Matutino;Presencial;G;;;SISU - ESCOLA PÚBLICA;2019;2;2;
IMPERATRIZ;PEDAGOGIA;LICENCIATURA;Matutino;Presencial;G;;;SISU - ESCOLA PUBLICA - NEGRO;2019;2;6;
IMPERATRIZ;PEDAGOGIA;LICENCIATURA;Matutino;Presencial;G;;;SISU - ESCOLA PUBLICA - NEGRO - DEFICIENTE - RF;2019;2;1;
IMPERATRIZ;PEDAGOGIA;LICENCIATURA;Matutino;Presencial;G;;;SISU - ESCOLA PUBLICA - NEGRO - RF;2019;2;7;
IMPERATRIZ;PEDAGOGIA;LICENCIATURA;Matutino;Presencial;G;;;SISU - ESCOLA PUBLICA - RF;2019;2;2;
IMPERATRIZ;PEDAGOGIA;LICENCIATURA;Noturno;Presencial;G;;;REMOCAO;2019;2;1;
IMPERATRIZ;PEDAGOGIA;LICENCIATURA;Noturno;Presencial;G;;;TRANSFERÊNCIA VOLUNTÁRIA;2019;2;2;
PINHEIRO;CIÊNCIAS HUMANAS - FILOSOFIA;LICENCIATURA PLENA;Noturno;Presencial;G;FILOSOFIA;;SISU - AMPLA CONCORRÊNCIA;2019;2;10;
PINHEIRO;CIÊNCIAS HUMANAS - FILOSOFIA;LICENCIATURA PLENA;Noturno;Presencial;G;FILOSOFIA;;SISU - ESCOLA PUBLICA - NEGRO;2019;2;5;
PINHEIRO;CIÊNCIAS HUMANAS - HISTÓRIA;LICENCIATURA PLENA;Noturno;Presencial;G;;;SISU - AMPLA CONCORRÊNCIA;2019;2;17;
PINHEIRO;CIÊNCIAS HUMANAS - HISTÓRIA;LICENCIATURA PLENA;Noturno;Presencial;G;;;SISU - ESCOLA PÚBLICA;2019;2;2;
PINHEIRO;CIÊNCIAS HUMANAS - HISTÓRIA;LICENCIATURA PLENA;Noturno;Presencial;G;;;SISU - ESCOLA PUBLICA - NEGRO;2019;2;8;
PINHEIRO;CIÊNCIAS HUMANAS - HISTÓRIA;LICENCIATURA PLENA;Noturno;Presencial;G;;;SISU - ESCOLA PUBLICA - NEGRO - RF;2019;2;9;
PINHEIRO;CIÊNCIAS HUMANAS - HISTÓRIA;LICENCIATURA PLENA;Noturno;Presencial;G;;;SISU - ESCOLA PUBLICA - RF;2019;2;1;
PINHEIRO;CIÊNCIAS NATURAIS - BIOLOGIA;LICENCIATURA PLENA;Noturno;Presencial;G;;;MATRICULA GRADUADO;2019;2;1;
PINHEIRO;CIÊNCIAS NATURAIS - BIOLOGIA;LICENCIATURA PLENA;Noturno;Presencial;G;;;SISU - AMPLA CONCORRÊNCIA;2019;2;27;
PINHEIRO;CIÊNCIAS NATURAIS - BIOLOGIA;LICENCIATURA PLENA;Noturno;Presencial;G;;;SISU - ESCOLA PÚBLICA;2019;2;3;
PINHEIRO;CIÊNCIAS NATURAIS - BIOLOGIA;LICENCIATURA PLENA;Noturno;Presencial;G;;;SISU - ESCOLA PUBLICA - NEGRO;2019;2;11;
PINHEIRO;CIÊNCIAS NATURAIS - BIOLOGIA;LICENCIATURA PLENA;Noturno;Presencial;G;;;SISU - ESCOLA PUBLICA - NEGRO - RF;2019;2;12;
PINHEIRO;CIÊNCIAS NATURAIS - BIOLOGIA;LICENCIATURA PLENA;Noturno;Presencial;G;;;SISU - ESCOLA PUBLICA - RF;2019;2;1;
PINHEIRO;EDUCAÇÃO FÍSICA;LICENCIATURA;Noturno;Presencial;G;;;REOPCAO;2019;2;1;
PINHEIRO;ENFERMAGEM;BACHARELADO;Matutino e Vespertino;Presencial;G;;;SISU - AMPLA CONCORRÊNCIA;2019;2;24;
PINHEIRO;ENFERMAGEM;BACHARELADO;Matutino e Vespertino;Presencial;G;;;SISU - ESCOLA PÚBLICA;2019;2;1;
PINHEIRO;ENFERMAGEM;BACHARELADO;Matutino e Vespertino;Presencial;G;;;SISU - ESCOLA PUBLICA - NEGRO;2019;2;9;
PINHEIRO;ENFERMAGEM;BACHARELADO;Matutino e Vespertino;Presencial;G;;;SISU - ESCOLA PUBLICA - NEGRO - RF;2019;2;10;
PINHEIRO;ENFERMAGEM;BACHARELADO;Matutino e Vespertino;Presencial;G;;;SISU - ESCOLA PUBLICA - RF;2019;2;1;
PINHEIRO;ENGENHARIA DA PESCA;BACHARELADO;Matutino, Vespertino e Noturno;Presencial;G;;;SISU - AMPLA CONCORRÊNCIA;2019;2;28;
PINHEIRO;ENGENHARIA DA PESCA;BACHARELADO;Matutino, Vespertino e Noturno;Presencial;G;;;SISU - ESCOLA PUBLICA - NEGRO;2019;2;7;
PINHEIRO;ENGENHARIA DA PESCA;BACHARELADO;Matutino, Vespertino e Noturno;Presencial;G;;;SISU - ESCOLA PUBLICA - NEGRO - RF;2019;2;6;
PINHEIRO;ENGENHARIA DA PESCA;BACHARELADO;Matutino, Vespertino e Noturno;Presencial;G;;;SISU - ESCOLA PUBLICA - RF;2019;2;1;
PINHEIRO;MEDICINA;BACHARELADO;Matutino e Vespertino;Presencial;G;;;JUDICIAL;2019;2;5;
PINHEIRO;MEDICINA;BACHARELADO;Matutino e Vespertino;Presencial;G;;;MATRICULA GRADUADO;2019;2;17;
PINHEIRO;MEDICINA;BACHARELADO;Matutino e Vespertino;Presencial;G;;;REMOCAO;2019;2;11;
PINHEIRO;MEDICINA;BACHARELADO;Matutino e Vespertino;Presencial;G;;;SISU - AMPLA CONCORRÊNCIA;2019;2;25;
PINHEIRO;MEDICINA;BACHARELADO;Matutino e Vespertino;Presencial;G;;;SISU - ESCOLA PÚBLICA;2019;2;1;
PINHEIRO;MEDICINA;BACHARELADO;Matutino e Vespertino;Presencial;G;;;SISU - ESCOLA PUBLICA - INDIO;2019;2;1;
PINHEIRO;MEDICINA;BACHARELADO;Matutino e Vespertino;Presencial;G;;;SISU - ESCOLA PUBLICA - INDIO - RF;2019;2;1;
PINHEIRO;MEDICINA;BACHARELADO;Matutino e Vespertino;Presencial;G;;;SISU - ESCOLA PUBLICA - NEGRO;2019;2;6;
PINHEIRO;MEDICINA;BACHARELADO;Matutino e Vespertino;Presencial;G;;;SISU - ESCOLA PUBLICA - NEGRO - DEFICIENTE;2019;2;1;
PINHEIRO;MEDICINA;BACHARELADO;Matutino e Vespertino;Presencial;G;;;SISU - ESCOLA PUBLICA - NEGRO - DEFICIENTE - RF;2019;2;1;
PINHEIRO;MEDICINA;BACHARELADO;Matutino e Vespertino;Presencial;G;;;SISU - ESCOLA PUBLICA - NEGRO - RF;2019;2;6;
PINHEIRO;MEDICINA;BACHARELADO;Matutino e Vespertino;Presencial;G;;;SISU - ESCOLA PUBLICA - RF;2019;2;2;
PINHEIRO;MEDICINA;BACHARELADO;Matutino e Vespertino;Presencial;G;;;TRANSFERÊNCIA VOLUNTÁRIA;2019;2;22;
SÃO BERNARDO;CIÊNCIAS HUMANAS - SOCIOLOGIA;LICENCIATURA PLENA;Noturno;Presencial;G;;;SISU - AMPLA CONCORRÊNCIA;2019;2;29;
SÃO BERNARDO;CIÊNCIAS HUMANAS - SOCIOLOGIA;LICENCIATURA PLENA;Noturno;Presencial;G;;;SISU - ESCOLA PÚBLICA;2019;2;3;
SÃO BERNARDO;CIÊNCIAS HUMANAS - SOCIOLOGIA;LICENCIATURA PLENA;Noturno;Presencial;G;;;SISU - ESCOLA PUBLICA - NEGRO;2019;2;8;
SÃO BERNARDO;CIÊNCIAS HUMANAS - SOCIOLOGIA;LICENCIATURA PLENA;Noturno;Presencial;G;;;SISU - ESCOLA PUBLICA - NEGRO - RF;2019;2;12;
SÃO BERNARDO;CIÊNCIAS HUMANAS - SOCIOLOGIA;LICENCIATURA PLENA;Noturno;Presencial;G;;;SISU - ESCOLA PUBLICA - RF;2019;2;3;
SÃO BERNARDO;CIÊNCIAS NATURAIS - QUÍMICA;LICENCIATURA PLENA;Noturno;Presencial;G;;;SISU - AMPLA CONCORRÊNCIA;2019;2;29;
SÃO BERNARDO;CIÊNCIAS NATURAIS - QUÍMICA;LICENCIATURA PLENA;Noturno;Presencial;G;;;SISU - ESCOLA PÚBLICA;2019;2;2;
SÃO BERNARDO;CIÊNCIAS NATURAIS - QUÍMICA;LICENCIATURA PLENA;Noturno;Presencial;G;;;SISU - ESCOLA PUBLICA - NEGRO;2019;2;11;
SÃO BERNARDO;CIÊNCIAS NATURAIS - QUÍMICA;LICENCIATURA PLENA;Noturno;Presencial;G;;;SISU - ESCOLA PUBLICA - NEGRO - RF;2019;2;12;
SÃO BERNARDO;CIÊNCIAS NATURAIS - QUÍMICA;LICENCIATURA PLENA;Noturno;Presencial;G;;;SISU - ESCOLA PUBLICA - RF;2019;2;3;
SÃO BERNARDO;LINGUAGENS E CÓDIGOS - LÍNGUA PORTUGUESA;LICENCIATURA;Vespertino;Presencial;G;;;SISU - AMPLA CONCORRÊNCIA;2019;2;18;
SÃO BERNARDO;LINGUAGENS E CÓDIGOS - LÍNGUA PORTUGUESA;LICENCIATURA;Vespertino;Presencial;G;;;SISU - ESCOLA PUBLICA - NEGRO;2019;2;9;
SÃO BERNARDO;LINGUAGENS E CÓDIGOS - LÍNGUA PORTUGUESA;LICENCIATURA;Vespertino;Presencial;G;;;SISU - ESCOLA PUBLICA - NEGRO - DEFICIENTE;2019;2;1;
SÃO BERNARDO;LINGUAGENS E CÓDIGOS - LÍNGUA PORTUGUESA;LICENCIATURA;Vespertino;Presencial;G;;;SISU - ESCOLA PUBLICA - NEGRO - RF;2019;2;7;
SÃO BERNARDO;LINGUAGENS E CÓDIGOS - LÍNGUA PORTUGUESA;LICENCIATURA;Vespertino;Presencial;G;;;SISU - ESCOLA PUBLICA - RF;2019;2;2;
SÃO BERNARDO;LINGUAGENS E CÓDIGOS - MÚSICA;LICENCIATURA;Vespertino;Presencial;G;MÚSICA;;SISU - AMPLA CONCORRÊNCIA;2019;2;12;
SÃO BERNARDO;LINGUAGENS E CÓDIGOS - MÚSICA;LICENCIATURA;Vespertino;Presencial;G;MÚSICA;;SISU - ESCOLA PUBLICA - NEGRO - RF;2019;2;1;
SÃO BERNARDO;TURISMO;BACHARELADO;Matutino;Presencial;G;;;SISU - AMPLA CONCORRÊNCIA;2019;2;9;
SÃO BERNARDO;TURISMO;BACHARELADO;Matutino;Presencial;G;;;SISU - ESCOLA PUBLICA - NEGRO;2019;2;5;
SÃO BERNARDO;TURISMO;BACHARELADO;Matutino;Presencial;G;;;SISU - ESCOLA PUBLICA - NEGRO - RF;2019;2;3;
SÃO LUÍS;ADMINISTRAÇÃO;BACHARELADO;Matutino;Presencial;G;;;SISU - AMPLA CONCORRÊNCIA;2019;2;25;
SÃO LUÍS;ADMINISTRAÇÃO;BACHARELADO;Matutino;Presencial;G;;;SISU - ESCOLA PÚBLICA;2019;2;2;
SÃO LUÍS;ADMINISTRAÇÃO;BACHARELADO;Matutino;Presencial;G;;;SISU - ESCOLA PUBLICA - NEGRO;2019;2;8;
SÃO LUÍS;ADMINISTRAÇÃO;BACHARELADO;Matutino;Presencial;G;;;SISU - ESCOLA PUBLICA - NEGRO - DEFICIENTE;2019;2;1;
SÃO LUÍS;ADMINISTRAÇÃO;BACHARELADO;Matutino;Presencial;G;;;SISU - ESCOLA PUBLICA - NEGRO - DEFICIENTE - RF;2019;2;1;
SÃO LUÍS;ADMINISTRAÇÃO;BACHARELADO;Matutino;Presencial;G;;;SISU - ESCOLA PUBLICA - NEGRO - RF;2019;2;6;
SÃO LUÍS;ADMINISTRAÇÃO;BACHARELADO;Matutino;Presencial;G;;;SISU - ESCOLA PUBLICA - RF;2019;2;3;
SÃO LUÍS;ARTES VISUAIS;LICENCIATURA PLENA;Matutino;Presencial;G;;;SISU - AMPLA CONCORRÊNCIA;2019;2;12;
SÃO LUÍS;ARTES VISUAIS;LICENCIATURA PLENA;Matutino;Presencial;G;;;SISU - ESCOLA PUBLICA - NEGRO;2019;2;5;
SÃO LUÍS;ARTES VISUAIS;LICENCIATURA PLENA;Matutino;Presencial;G;;;SISU - ESCOLA PUBLICA - NEGRO - RF;2019;2;6;
SÃO LUÍS;BIBLIOTECONOMIA;BACHARELADO;Matutino;Presencial;G;;;SISU - AMPLA CONCORRÊNCIA;2019;2;23;
SÃO LUÍS;BIBLIOTECONOMIA;BACHARELADO;Matutino;Presencial;G;;;SISU - ESCOLA PÚBLICA;2019;2;2;
SÃO LUÍS;BIBLIOTECONOMIA;BACHARELADO;Matutino;Presencial;G;;;SISU - ESCOLA PUBLICA - NEGRO;2019;2;7;
SÃO LUÍS;BIBLIOTECONOMIA;BACHARELADO;Matutino;Presencial;G;;;SISU - ESCOLA PUBLICA - NEGRO - DEFICIENTE;2019;2;1;
SÃO LUÍS;BIBLIOTECONOMIA;BACHARELADO;Matutino;Presencial;G;;;SISU - ESCOLA PUBLICA - NEGRO - RF;2019;2;10;
SÃO LUÍS;BIBLIOTECONOMIA;BACHARELADO;Matutino;Presencial;G;;;SISU - ESCOLA PUBLICA - RF;2019;2;2;
SÃO LUÍS;BIBLIOTECONOMIA;BACHARELADO;Matutino;Presencial;G;;;TRANSFERÊNCIA VOLUNTÁRIA;2019;2;1;
SÃO LUÍS;CIÊNCIA DA COMPUTAÇÃO;BACHARELADO;Vespertino;Presencial;G;;;SISU - AMPLA CONCORRÊNCIA;2019;2;22;
SÃO LUÍS;CIÊNCIA DA COMPUTAÇÃO;BACHARELADO;Vespertino;Presencial;G;;;SISU - ESCOLA PÚBLICA;2019;2;2;
SÃO LUÍS;CIÊNCIA DA COMPUTAÇÃO;BACHARELADO;Vespertino;Presencial;G;;;SISU - ESCOLA PUBLICA - NEGRO;2019;2;8;
SÃO LUÍS;CIÊNCIA DA COMPUTAÇÃO;BACHARELADO;Vespertino;Presencial;G;;;SISU - ESCOLA PUBLICA - NEGRO - DEFICIENTE;2019;2;1;
SÃO LUÍS;CIÊNCIA DA COMPUTAÇÃO;BACHARELADO;Vespertino;Presencial;G;;;SISU - ESCOLA PUBLICA - NEGRO - RF;2019;2;10;
SÃO LUÍS;CIÊNCIA DA COMPUTAÇÃO;BACHARELADO;Vespertino;Presencial;G;;;SISU - ESCOLA PUBLICA - RF;2019;2;2;
SÃO LUÍS;CIÊNCIA E TECNOLOGIA;BACHARELADO;Matutino;Presencial;G;;;REOPCAO;2019;2;1;
SÃO LUÍS;CIÊNCIA E TECNOLOGIA;BACHARELADO;Matutino;Presencial;G;;;SISU - AMPLA CONCORRÊNCIA;2019;2;56;
SÃO LUÍS;CIÊNCIA E TECNOLOGIA;BACHARELADO;Matutino;Presencial;G;;;SISU - ESCOLA PÚBLICA;2019;2;7;
SÃO LUÍS;CIÊNCIA E TECNOLOGIA;BACHARELADO;Matutino;Presencial;G;;;SISU - ESCOLA PUBLICA - NEGRO;2019;2;20;
SÃO LUÍS;CIÊNCIA E TECNOLOGIA;BACHARELADO;Matutino;Presencial;G;;;SISU - ESCOLA PUBLICA - NEGRO - DEFICIENTE;2019;2;1;
SÃO LUÍS;CIÊNCIA E TECNOLOGIA;BACHARELADO;Matutino;Presencial;G;;;SISU - ESCOLA PUBLICA - NEGRO - DEFICIENTE - RF;2019;2;1;
SÃO LUÍS;CIÊNCIA E TECNOLOGIA;BACHARELADO;Matutino;Presencial;G;;;SISU - ESCOLA PUBLICA - NEGRO - RF;2019;2;23;
SÃO LUÍS;CIÊNCIA E TECNOLOGIA;BACHARELADO;Matutino;Presencial;G;;;SISU - ESCOLA PUBLICA - RF;2019;2;8;
SÃO LUÍS;CIÊNCIA E TECNOLOGIA;BACHARELADO;Matutino;Presencial;G;;;TRANSFERÊNCIA VOLUNTÁRIA;2019;2;3;
SÃO LUÍS;CIÊNCIA E TECNOLOGIA;BACHARELADO;Noturno;Presencial;G;;;MATRICULA GRADUADO;2019;2;2;
SÃO LUÍS;CIÊNCIA E TECNOLOGIA;BACHARELADO;Noturno;Presencial;G;;;REOPCAO;2019;2;1;
SÃO LUÍS;CIÊNCIA E TECNOLOGIA;BACHARELADO;Noturno;Presencial;G;;;SISU - AMPLA CONCORRÊNCIA;2019;2;59;
SÃO LUÍS;CIÊNCIA E TECNOLOGIA;BACHARELADO;Noturno;Presencial;G;;;SISU - ESCOLA PÚBLICA;2019;2;7;
SÃO LUÍS;CIÊNCIA E TECNOLOGIA;BACHARELADO;Noturno;Presencial;G;;;SISU - ESCOLA PUBLICA - NEGRO;2019;2;18;
SÃO LUÍS;CIÊNCIA E TECNOLOGIA;BACHARELADO;Noturno;Presencial;G;;;SISU - ESCOLA PUBLICA - NEGRO - DEFICIENTE;2019;2;2;
SÃO LUÍS;CIÊNCIA E TECNOLOGIA;BACHARELADO;Noturno;Presencial;G;;;SISU - ESCOLA PUBLICA - NEGRO - RF;2019;2;17;
SÃO LUÍS;CIÊNCIA E TECNOLOGIA;BACHARELADO;Noturno;Presencial;G;;;SISU - ESCOLA PUBLICA - RF;2019;2;5;
SÃO LUÍS;CIÊNCIAS BIOLÓGICAS;LICENCIATURA;Matutino e Vespertino;Presencial;G;;;SISU - AMPLA CONCORRÊNCIA;2019;2;20;
SÃO LUÍS;CIÊNCIAS BIOLÓGICAS;LICENCIATURA;Matutino e Vespertino;Presencial;G;;;SISU - ESCOLA PÚBLICA;2019;2;2;
SÃO LUÍS;CIÊNCIAS BIOLÓGICAS;LICENCIATURA;Matutino e Vespertino;Presencial;G;;;SISU - ESCOLA PUBLICA - NEGRO;2019;2;9;
SÃO LUÍS;CIÊNCIAS BIOLÓGICAS;LICENCIATURA;Matutino e Vespertino;Presencial;G;;;SISU - ESCOLA PUBLICA - NEGRO - DEFICIENTE - RF;2019;2;1;
SÃO LUÍS;CIÊNCIAS BIOLÓGICAS;LICENCIATURA;Matutino e Vespertino;Presencial;G;;;SISU - ESCOLA PUBLICA - NEGRO - RF;2019;2;9;
SÃO LUÍS;CIÊNCIAS BIOLÓGICAS;LICENCIATURA;Matutino e Vespertino;Presencial;G;;;SISU - ESCOLA PUBLICA - RF;2019;2;2;
SÃO LUÍS;CIÊNCIAS CONTÁBEIS;BACHARELADO;Noturno;Presencial;G;;;MATRICULA GRADUADO;2019;2;5;
SÃO LUÍS;CIÊNCIAS CONTÁBEIS;BACHARELADO;Noturno;Presencial;G;;;REOPCAO;2019;2;2;
SÃO LUÍS;CIÊNCIAS CONTÁBEIS;BACHARELADO;Noturno;Presencial;G;;;SISU - AMPLA CONCORRÊNCIA;2019;2;21;
SÃO LUÍS;CIÊNCIAS CONTÁBEIS;BACHARELADO;Noturno;Presencial;G;;;SISU - ESCOLA PÚBLICA;2019;2;2;
SÃO LUÍS;CIÊNCIAS CONTÁBEIS;BACHARELADO;Noturno;Presencial;G;;;SISU - ESCOLA PUBLICA - INDIO;2019;2;1;
SÃO LUÍS;CIÊNCIAS CONTÁBEIS;BACHARELADO;Noturno;Presencial;G;;;SISU - ESCOLA PUBLICA - NEGRO;2019;2;6;
SÃO LUÍS;CIÊNCIAS CONTÁBEIS;BACHARELADO;Noturno;Presencial;G;;;SISU - ESCOLA PUBLICA - NEGRO - DEFICIENTE;2019;2;1;
SÃO LUÍS;CIÊNCIAS CONTÁBEIS;BACHARELADO;Noturno;Presencial;G;;;SISU - ESCOLA PUBLICA - NEGRO - RF;2019;2;9;
SÃO LUÍS;CIÊNCIAS CONTÁBEIS;BACHARELADO;Noturno;Presencial;G;;;SISU - ESCOLA PUBLICA - RF;2019;2;3;
SÃO LUÍS;CIÊNCIAS CONTÁBEIS;BACHARELADO;Noturno;Presencial;G;;;TRANSFERÊNCIA VOLUNTÁRIA;2019;2;1;
SÃO LUÍS;CIÊNCIAS ECONÔMICAS;BACHARELADO;Noturno;Presencial;G;;;SISU - AMPLA CONCORRÊNCIA;2019;2;26;
SÃO LUÍS;CIÊNCIAS ECONÔMICAS;BACHARELADO;Noturno;Presencial;G;;;SISU - ESCOLA PÚBLICA;2019;2;2;
SÃO LUÍS;CIÊNCIAS ECONÔMICAS;BACHARELADO;Noturno;Presencial;G;;;SISU - ESCOLA PUBLICA - NEGRO;2019;2;10;
SÃO LUÍS;CIÊNCIAS ECONÔMICAS;BACHARELADO;Noturno;Presencial;G;;;SISU - ESCOLA PUBLICA - NEGRO - DEFICIENTE - RF;2019;2;1;
SÃO LUÍS;CIÊNCIAS ECONÔMICAS;BACHARELADO;Noturno;Presencial;G;;;SISU - ESCOLA PUBLICA - NEGRO - RF;2019;2;9;
SÃO LUÍS;CIÊNCIAS ECONÔMICAS;BACHARELADO;Noturno;Presencial;G;;;SISU - ESCOLA PUBLICA - RF;2019;2;3;
SÃO LUÍS;CIÊNCIAS SOCIAIS;LICENCIATURA PLENA;Noturno;Presencial;G;;;MATRICULA GRADUADO;2019;2;1;
SÃO LUÍS;CIÊNCIAS SOCIAIS;LICENCIATURA PLENA;Noturno;Presencial;G;;;REOPCAO;2019;2;1;
SÃO LUÍS;CIÊNCIAS SOCIAIS;LICENCIATURA PLENA;Noturno;Presencial;G;;;SISU - AMPLA CONCORRÊNCIA;2019;2;18;
SÃO LUÍS;CIÊNCIAS SOCIAIS;LICENCIATURA PLENA;Noturno;Presencial;G;;;SISU - ESCOLA PÚBLICA;2019;2;2;
SÃO LUÍS;CIÊNCIAS SOCIAIS;LICENCIATURA PLENA;Noturno;Presencial;G;;;SISU - ESCOLA PUBLICA - NEGRO;2019;2;4;
SÃO LUÍS;CIÊNCIAS SOCIAIS;LICENCIATURA PLENA;Noturno;Presencial;G;;;SISU - ESCOLA PUBLICA - NEGRO - DEFICIENTE;2019;2;1;
SÃO LUÍS;CIÊNCIAS SOCIAIS;LICENCIATURA PLENA;Noturno;Presencial;G;;;SISU - ESCOLA PUBLICA - NEGRO - RF;2019;2;8;
SÃO LUÍS;CIÊNCIAS SOCIAIS;LICENCIATURA PLENA;Noturno;Presencial;G;;;SISU - ESCOLA PUBLICA - RF;2019;2;2;
SÃO LUÍS;COMUNICAÇÃO SOCIAL - JORNALISMO;BACHARELADO;Vespertino;Presencial;G;;;SISU - AMPLA CONCORRÊNCIA;2019;2;8;
SÃO LUÍS;COMUNICAÇÃO SOCIAL - JORNALISMO;BACHARELADO;Vespertino;Presencial;G;;;SISU - ESCOLA PUBLICA - NEGRO;2019;2;4;
SÃO LUÍS;COMUNICAÇÃO SOCIAL - JORNALISMO;BACHARELADO;Vespertino;Presencial;G;;;SISU - ESCOLA PUBLICA - NEGRO - RF;2019;2;4;
SÃO LUÍS;COMUNICACAO SOCIAL - RÁDIO E TV;BACHARELADO;Vespertino;Presencial;G;;;MATRICULA GRADUADO;2019;2;1;
SÃO LUÍS;COMUNICACAO SOCIAL - RÁDIO E TV;BACHARELADO;Vespertino;Presencial;G;;;SISU - AMPLA CONCORRÊNCIA;2019;2;8;
SÃO LUÍS;COMUNICACAO SOCIAL - RÁDIO E TV;BACHARELADO;Vespertino;Presencial;G;;;SISU - ESCOLA PUBLICA - NEGRO;2019;2;4;
SÃO LUÍS;COMUNICACAO SOCIAL - RÁDIO E TV;BACHARELADO;Vespertino;Presencial;G;;;SISU - ESCOLA PUBLICA - NEGRO - RF;2019;2;3;
SÃO LUÍS;COMUNICAÇÃO SOCIAL - RELAÇÕES PÚBLICAS;BACHARELADO;Vespertino;Presencial;G;;;SISU - AMPLA CONCORRÊNCIA;2019;2;8;
SÃO LUÍS;COMUNICAÇÃO SOCIAL - RELAÇÕES PÚBLICAS;BACHARELADO;Vespertino;Presencial;G;;;SISU - ESCOLA PUBLICA - NEGRO;2019;2;4;
SÃO LUÍS;COMUNICAÇÃO SOCIAL - RELAÇÕES PÚBLICAS;BACHARELADO;Vespertino;Presencial;G;;;SISU - ESCOLA PUBLICA - NEGRO - RF;2019;2;4;
SÃO LUÍS;DESIGN;BACHARELADO;Matutino;Presencial;G;;;SISU - AMPLA CONCORRÊNCIA;2019;2;15;
SÃO LUÍS;DESIGN;BACHARELADO;Matutino;Presencial;G;;;SISU - ESCOLA PÚBLICA;2019;2;1;
SÃO LUÍS;DESIGN;BACHARELADO;Matutino;Presencial;G;;;SISU - ESCOLA PUBLICA - NEGRO;2019;2;6;
SÃO LUÍS;DESIGN;BACHARELADO;Matutino;Presencial;G;;;SISU - ESCOLA PUBLICA - NEGRO - RF;2019;2;6;
SÃO LUÍS;DESIGN;BACHARELADO;Matutino;Presencial;G;;;SISU - ESCOLA PUBLICA - RF;2019;2;1;
SÃO LUÍS;DIREITO;BACHARELADO;Matutino;Presencial;G;;;JUDICIAL;2019;2;1;
SÃO LUÍS;DIREITO;BACHARELADO;Matutino;Presencial;G;;;SISU - AMPLA CONCORRÊNCIA;2019;2;21;
SÃO LUÍS;DIREITO;BACHARELADO;Matutino;Presencial;G;;;SISU - ESCOLA PÚBLICA;2019;2;2;
SÃO LUÍS;DIREITO;BACHARELADO;Matutino;Presencial;G;;;SISU - ESCOLA PUBLICA - NEGRO;2019;2;8;
SÃO LUÍS;DIREITO;BACHARELADO;Matutino;Presencial;G;;;SISU - ESCOLA PUBLICA - NEGRO - DEFICIENTE;2019;2;1;
SÃO LUÍS;DIREITO;BACHARELADO;Matutino;Presencial;G;;;SISU - ESCOLA PUBLICA - NEGRO - DEFICIENTE - RF;2019;2;1;
SÃO LUÍS;DIREITO;BACHARELADO;Matutino;Presencial;G;;;SISU - ESCOLA PUBLICA - NEGRO - RF;2019;2;8;
SÃO LUÍS;DIREITO;BACHARELADO;Matutino;Presencial;G;;;SISU - ESCOLA PUBLICA - RF;2019;2;3;
SÃO LUÍS;DIREITO;BACHARELADO;Noturno;Presencial;G;;;SISU - AMPLA CONCORRÊNCIA;2019;2;24;
SÃO LUÍS;DIREITO;BACHARELADO;Noturno;Presencial;G;;;SISU - ESCOLA PÚBLICA;2019;2;2;
SÃO LUÍS;DIREITO;BACHARELADO;Noturno;Presencial;G;;;SISU - ESCOLA PUBLICA - NEGRO;2019;2;8;
SÃO LUÍS;DIREITO;BACHARELADO;Noturno;Presencial;G;;;SISU - ESCOLA PUBLICA - NEGRO - DEFICIENTE;2019;2;1;
SÃO LUÍS;DIREITO;BACHARELADO;Noturno;Presencial;G;;;SISU - ESCOLA PUBLICA - NEGRO - DEFICIENTE - RF;2019;2;1;
SÃO LUÍS;DIREITO;BACHARELADO;Noturno;Presencial;G;;;SISU - ESCOLA PUBLICA - NEGRO - RF;2019;2;7;
SÃO LUÍS;DIREITO;BACHARELADO;Noturno;Presencial;G;;;SISU - ESCOLA PUBLICA - RF;2019;2;3;
SÃO LUÍS;EDUCAÇÃO FÍSICA;LICENCIATURA;Matutino e Vespertino;Presencial;G;;;SISU - AMPLA CONCORRÊNCIA;2019;2;18;
SÃO LUÍS;EDUCAÇÃO FÍSICA;LICENCIATURA;Matutino e Vespertino;Presencial;G;;;SISU - ESCOLA PÚBLICA;2019;2;2;
SÃO LUÍS;EDUCAÇÃO FÍSICA;LICENCIATURA;Matutino e Vespertino;Presencial;G;;;SISU - ESCOLA PUBLICA - NEGRO;2019;2;5;
SÃO LUÍS;EDUCAÇÃO FÍSICA;LICENCIATURA;Matutino e Vespertino;Presencial;G;;;SISU - ESCOLA PUBLICA - NEGRO - DEFICIENTE;2019;2;1;
SÃO LUÍS;EDUCAÇÃO FÍSICA;LICENCIATURA;Matutino e Vespertino;Presencial;G;;;SISU - ESCOLA PUBLICA - NEGRO - RF;2019;2;6;
SÃO LUÍS;EDUCAÇÃO FÍSICA;LICENCIATURA;Matutino e Vespertino;Presencial;G;;;SISU - ESCOLA PUBLICA - RF;2019;2;2;
SÃO LUÍS;EDUCAÇÃO FÍSICA -;BACHARELADO;Matutino e Vespertino;Presencial;G;;;MATRICULA GRADUADO;2019;2;2;
SÃO LUÍS;EDUCAÇÃO FÍSICA -;BACHARELADO;Matutino e Vespertino;Presencial;G;;;SISU - AMPLA CONCORRÊNCIA;2019;2;24;
SÃO LUÍS;EDUCAÇÃO FÍSICA -;BACHARELADO;Matutino e Vespertino;Presencial;G;;;SISU - ESCOLA PÚBLICA;2019;2;1;
SÃO LUÍS;EDUCAÇÃO FÍSICA -;BACHARELADO;Matutino e Vespertino;Presencial;G;;;SISU - ESCOLA PUBLICA - NEGRO;2019;2;9;
SÃO LUÍS;EDUCAÇÃO FÍSICA -;BACHARELADO;Matutino e Vespertino;Presencial;G;;;SISU - ESCOLA PUBLICA - NEGRO - RF;2019;2;10;
SÃO LUÍS;EDUCAÇÃO FÍSICA -;BACHARELADO;Matutino e Vespertino;Presencial;G;;;SISU - ESCOLA PUBLICA - RF;2019;2;2;
SÃO LUÍS;EDUCAÇÃO FÍSICA -;BACHARELADO;Matutino e Vespertino;Presencial;G;;;TRANSFERÊNCIA VOLUNTÁRIA;2019;2;2;
SÃO LUÍS;ENFERMAGEM;BACHARELADO;Matutino e Vespertino;Presencial;G;;;SISU - AMPLA CONCORRÊNCIA;2019;2;25;
SÃO LUÍS;ENFERMAGEM;BACHARELADO;Matutino e Vespertino;Presencial;G;;;SISU - ESCOLA PÚBLICA;2019;2;2;
SÃO LUÍS;ENFERMAGEM;BACHARELADO;Matutino e Vespertino;Presencial;G;;;SISU - ESCOLA PUBLICA - INDIO - RF;2019;2;1;
SÃO LUÍS;ENFERMAGEM;BACHARELADO;Matutino e Vespertino;Presencial;G;;;SISU - ESCOLA PUBLICA - NEGRO;2019;2;10;
SÃO LUÍS;ENFERMAGEM;BACHARELADO;Matutino e Vespertino;Presencial;G;;;SISU - ESCOLA PUBLICA - NEGRO - DEFICIENTE - RF;2019;2;1;
SÃO LUÍS;ENFERMAGEM;BACHARELADO;Matutino e Vespertino;Presencial;G;;;SISU - ESCOLA PUBLICA - NEGRO - RF;2019;2;7;
SÃO LUÍS;ENFERMAGEM;BACHARELADO;Matutino e Vespertino;Presencial;G;;;SISU - ESCOLA PUBLICA - RF;2019;2;2;
SÃO LUÍS;ENFERMAGEM;BACHARELADO;Matutino e Vespertino;Presencial;G;;;TRANSFERÊNCIA VOLUNTÁRIA;2019;2;1;
SÃO LUÍS;ENGENHARIA AMBIENTAL E SANITÁRIA;BACHARELADO;Matutino e Vespertino;Presencial;G;;;REINGRESSO SEGUNDO CICLO;2019;2;7;
SÃO LUÍS;ENGENHARIA CIVIL;BACHARELADO;Matutino, Vespertino e Noturno;Presencial;G;;;REINGRESSO SEGUNDO CICLO;2019;2;40;
SÃO LUÍS;ENGENHARIA DA COMPUTAÇÃO;BACHARELADO;Noturno;Presencial;G;;;REINGRESSO SEGUNDO CICLO;2019;2;18;
SÃO LUÍS;ENGENHARIA ELÉTRICA;BACHARELADO;Matutino e Vespertino;Presencial;G;;;SISU - AMPLA CONCORRÊNCIA;2019;2;19;
SÃO LUÍS;ENGENHARIA ELÉTRICA;BACHARELADO;Matutino e Vespertino;Presencial;G;;;SISU - ESCOLA PÚBLICA;2019;2;2;
SÃO LUÍS;ENGENHARIA ELÉTRICA;BACHARELADO;Matutino e Vespertino;Presencial;G;;;SISU - ESCOLA PUBLICA - NEGRO;2019;2;4;
SÃO LUÍS;ENGENHARIA ELÉTRICA;BACHARELADO;Matutino e Vespertino;Presencial;G;;;SISU - ESCOLA PUBLICA - NEGRO - DEFICIENTE - RF;2019;2;1;
SÃO LUÍS;ENGENHARIA ELÉTRICA;BACHARELADO;Matutino e Vespertino;Presencial;G;;;SISU - ESCOLA PUBLICA - NEGRO - RF;2019;2;7;
SÃO LUÍS;ENGENHARIA ELÉTRICA;BACHARELADO;Matutino e Vespertino;Presencial;G;;;SISU - ESCOLA PUBLICA - RF;2019;2;2;
SÃO LUÍS;ENGENHARIA MECÂNICA;BACHARELADO;Matutino e Vespertino;Presencial;G;;;REINGRESSO SEGUNDO CICLO;2019;2;6;
SÃO LUÍS;ENGENHARIA QUÍMICA;BACHARELADO;Matutino e Vespertino;Presencial;G;;;SISU - AMPLA CONCORRÊNCIA;2019;2;12;
SÃO LUÍS;ENGENHARIA QUÍMICA;BACHARELADO;Matutino e Vespertino;Presencial;G;;;SISU - ESCOLA PUBLICA - NEGRO;2019;2;6;
SÃO LUÍS;ENGENHARIA QUÍMICA;BACHARELADO;Matutino e Vespertino;Presencial;G;;;SISU - ESCOLA PUBLICA - NEGRO - RF;2019;2;6;
SÃO LUÍS;ENGENHARIA QUÍMICA;BACHARELADO;Matutino e Vespertino;Presencial;G;;;SISU - ESCOLA PUBLICA - RF;2019;2;1;
SÃO LUÍS;ESTUDOS AFRICANOS E AFRO-BRASILEIROS;LICENCIATURA;Noturno;Presencial;G;;;MATRICULA GRADUADO;2019;2;1;
SÃO LUÍS;FARMÁCIA;BACHARELADO;Matutino e Vespertino;Presencial;G;;;MATRICULA GRADUADO;2019;2;3;
SÃO LUÍS;FARMÁCIA;BACHARELADO;Matutino e Vespertino;Presencial;G;;;SISU - AMPLA CONCORRÊNCIA;2019;2;18;
SÃO LUÍS;FARMÁCIA;BACHARELADO;Matutino e Vespertino;Presencial;G;;;SISU - ESCOLA PÚBLICA;2019;2;1;
SÃO LUÍS;FARMÁCIA;BACHARELADO;Matutino e Vespertino;Presencial;G;;;SISU - ESCOLA PUBLICA - INDIO - RF;2019;2;1;
SÃO LUÍS;FARMÁCIA;BACHARELADO;Matutino e Vespertino;Presencial;G;;;SISU - ESCOLA PUBLICA - NEGRO;2019;2;5;
SÃO LUÍS;FARMÁCIA;BACHARELADO;Matutino e Vespertino;Presencial;G;;;SISU - ESCOLA PUBLICA - NEGRO - DEFICIENTE;2019;2;1;
SÃO LUÍS;FARMÁCIA;BACHARELADO;Matutino e Vespertino;Presencial;G;;;SISU - ESCOLA PUBLICA - NEGRO - RF;2019;2;6;
SÃO LUÍS;FARMÁCIA;BACHARELADO;Matutino e Vespertino;Presencial;G;;;SISU - ESCOLA PUBLICA - RF;2019;2;2;
SÃO LUÍS;FARMÁCIA;BACHARELADO;Matutino e Vespertino;Presencial;G;;;TRANSFERÊNCIA VOLUNTÁRIA;2019;2;3;
SÃO LUÍS;FILOSOFIA;LICENCIATURA PLENA;Vespertino;Presencial;G;;;SISU - AMPLA CONCORRÊNCIA;2019;2;23;
SÃO LUÍS;FILOSOFIA;LICENCIATURA PLENA;Vespertino;Presencial;G;;;SISU - ESCOLA PÚBLICA;2019;2;2;
SÃO LUÍS;FILOSOFIA;LICENCIATURA PLENA;Vespertino;Presencial;G;;;SISU - ESCOLA PUBLICA - NEGRO;2019;2;9;
SÃO LUÍS;FILOSOFIA;LICENCIATURA PLENA;Vespertino;Presencial;G;;;SISU - ESCOLA PUBLICA - NEGRO - DEFICIENTE - RF;2019;2;1;
SÃO LUÍS;FILOSOFIA;LICENCIATURA PLENA;Vespertino;Presencial;G;;;SISU - ESCOLA PUBLICA - NEGRO - RF;2019;2;9;
SÃO LUÍS;FILOSOFIA;LICENCIATURA PLENA;Vespertino;Presencial;G;;;SISU - ESCOLA PUBLICA - RF;2019;2;2;
SÃO LUÍS;FÍSICA;BACHARELADO;Vespertino;Presencial;G;;;SISU - AMPLA CONCORRÊNCIA;2019;2;4;
SÃO LUÍS;FÍSICA;BACHARELADO;Vespertino;Presencial;G;;;SISU - ESCOLA PUBLICA - NEGRO;2019;2;1;
SÃO LUÍS;FÍSICA;BACHARELADO;Vespertino;Presencial;G;;;SISU - ESCOLA PUBLICA - NEGRO - RF;2019;2;1;
SÃO LUÍS;FÍSICA;LICENCIATURA PLENA;Vespertino;Presencial;G;;;SISU - AMPLA CONCORRÊNCIA;2019;2;14;
SÃO LUÍS;FÍSICA;LICENCIATURA PLENA;Vespertino;Presencial;G;;;SISU - ESCOLA PÚBLICA;2019;2;1;
SÃO LUÍS;FÍSICA;LICENCIATURA PLENA;Vespertino;Presencial;G;;;SISU - ESCOLA PUBLICA - NEGRO;2019;2;6;
SÃO LUÍS;FÍSICA;LICENCIATURA PLENA;Vespertino;Presencial;G;;;SISU - ESCOLA PUBLICA - NEGRO - DEFICIENTE - RF;2019;2;1;
SÃO LUÍS;FÍSICA;LICENCIATURA PLENA;Vespertino;Presencial;G;;;SISU - ESCOLA PUBLICA - NEGRO - RF;2019;2;6;
SÃO LUÍS;FÍSICA;LICENCIATURA PLENA;Vespertino;Presencial;G;;;SISU - ESCOLA PUBLICA - RF;2019;2;1;
SÃO LUÍS;GEOGRAFIA;BACHARELADO;Vespertino;Presencial;G;;;SISU - AMPLA CONCORRÊNCIA;2019;2;10;
SÃO LUÍS;GEOGRAFIA;BACHARELADO;Vespertino;Presencial;G;;;SISU - ESCOLA PÚBLICA;2019;2;1;
SÃO LUÍS;GEOGRAFIA;BACHARELADO;Vespertino;Presencial;G;;;SISU - ESCOLA PUBLICA - NEGRO;2019;2;4;
SÃO LUÍS;GEOGRAFIA;BACHARELADO;Vespertino;Presencial;G;;;SISU - ESCOLA PUBLICA - NEGRO - RF;2019;2;4;
SÃO LUÍS;GEOGRAFIA;BACHARELADO;Vespertino;Presencial;G;;;SISU - ESCOLA PUBLICA - RF;2019;2;1;
SÃO LUÍS;GEOGRAFIA;LICENCIATURA PLENA;Vespertino;Presencial;G;;;MATRICULA GRADUADO;2019;2;1;
SÃO LUÍS;GEOGRAFIA;LICENCIATURA PLENA;Vespertino;Presencial;G;;;SISU - AMPLA CONCORRÊNCIA;2019;2;13;
SÃO LUÍS;GEOGRAFIA;LICENCIATURA PLENA;Vespertino;Presencial;G;;;SISU - ESCOLA PÚBLICA;2019;2;1;
SÃO LUÍS;GEOGRAFIA;LICENCIATURA PLENA;Vespertino;Presencial;G;;;SISU - ESCOLA PUBLICA - NEGRO;2019;2;4;
SÃO LUÍS;GEOGRAFIA;LICENCIATURA PLENA;Vespertino;Presencial;G;;;SISU - ESCOLA PUBLICA - NEGRO - RF;2019;2;5;
SÃO LUÍS;GEOGRAFIA;LICENCIATURA PLENA;Vespertino;Presencial;G;;;SISU - ESCOLA PUBLICA - RF;2019;2;1;
SÃO LUÍS;HISTÓRIA;LICENCIATURA;Noturno;Presencial;G;;;MATRICULA GRADUADO;2019;2;7;
SÃO LUÍS;HISTÓRIA;LICENCIATURA;Noturno;Presencial;G;;;REMOCAO;2019;2;1;
SÃO LUÍS;HISTÓRIA;LICENCIATURA;Noturno;Presencial;G;;;TRANSF. COMPULSORIA;2019;2;1;
SÃO LUÍS;HISTÓRIA;LICENCIATURA;Noturno;Presencial;G;;;TRANSFERÊNCIA VOLUNTÁRIA;2019;2;2;
SÃO LUÍS;HISTÓRIA;LICENCIATURA;Vespertino;Presencial;G;;;SISU - AMPLA CONCORRÊNCIA;2019;2;22;
SÃO LUÍS;HISTÓRIA;LICENCIATURA;Vespertino;Presencial;G;;;SISU - ESCOLA PÚBLICA;2019;2;1;
SÃO LUÍS;HISTÓRIA;LICENCIATURA;Vespertino;Presencial;G;;;SISU - ESCOLA PUBLICA - NEGRO;2019;2;9;
SÃO LUÍS;HISTÓRIA;LICENCIATURA;Vespertino;Presencial;G;;;SISU - ESCOLA PUBLICA - NEGRO - DEFICIENTE - RF;2019;2;1;
SÃO LUÍS;HISTÓRIA;LICENCIATURA;Vespertino;Presencial;G;;;SISU - ESCOLA PUBLICA - NEGRO - RF;2019;2;9;
SÃO LUÍS;HISTÓRIA;LICENCIATURA;Vespertino;Presencial;G;;;SISU - ESCOLA PUBLICA - RF;2019;2;2;
SÃO LUÍS;HOTELARIA;BACHARELADO;Vespertino;Presencial;G;;;MATRICULA GRADUADO;2019;2;1;
SÃO LUÍS;HOTELARIA;BACHARELADO;Vespertino;Presencial;G;;;SISU - AMPLA CONCORRÊNCIA;2019;2;16;
SÃO LUÍS;HOTELARIA;BACHARELADO;Vespertino;Presencial;G;;;SISU - ESCOLA PÚBLICA;2019;2;1;
SÃO LUÍS;HOTELARIA;BACHARELADO;Vespertino;Presencial;G;;;SISU - ESCOLA PUBLICA - NEGRO;2019;2;7;
SÃO LUÍS;HOTELARIA;BACHARELADO;Vespertino;Presencial;G;;;SISU - ESCOLA PUBLICA - NEGRO - DEFICIENTE;2019;2;1;
SÃO LUÍS;HOTELARIA;BACHARELADO;Vespertino;Presencial;G;;;SISU - ESCOLA PUBLICA - NEGRO - RF;2019;2;7;
SÃO LUÍS;LETRAS - ESPANHOL;LICENCIATURA PLENA;Matutino;Presencial;G;;;SISU - AMPLA CONCORRÊNCIA;2019;2;9;
SÃO LUÍS;LETRAS - ESPANHOL;LICENCIATURA PLENA;Matutino;Presencial;G;;;SISU - ESCOLA PÚBLICA;2019;2;1;
SÃO LUÍS;LETRAS - ESPANHOL;LICENCIATURA PLENA;Matutino;Presencial;G;;;SISU - ESCOLA PUBLICA - NEGRO;2019;2;4;
SÃO LUÍS;LETRAS - ESPANHOL;LICENCIATURA PLENA;Matutino;Presencial;G;;;SISU - ESCOLA PUBLICA - NEGRO - RF;2019;2;4;
SÃO LUÍS;LETRAS - ESPANHOL;LICENCIATURA PLENA;Matutino;Presencial;G;;;SISU - ESCOLA PUBLICA - RF;2019;2;1;
SÃO LUÍS;LETRAS - FRANCÊS;LICENCIATURA PLENA;Matutino;Presencial;G;;;SISU - AMPLA CONCORRÊNCIA;2019;2;5;
SÃO LUÍS;LETRAS - FRANCÊS;LICENCIATURA PLENA;Matutino;Presencial;G;;;SISU - ESCOLA PUBLICA - INDIO - RF;2019;2;1;
SÃO LUÍS;LETRAS - FRANCÊS;LICENCIATURA PLENA;Matutino;Presencial;G;;;SISU - ESCOLA PUBLICA - NEGRO;2019;2;2;
SÃO LUÍS;LETRAS - FRANCÊS;LICENCIATURA PLENA;Matutino;Presencial;G;;;SISU - ESCOLA PUBLICA - NEGRO - RF;2019;2;2;
SÃO LUÍS;LETRAS - INGLÊS;LICENCIATURA PLENA;Matutino;Presencial;G;;;REOPCAO;2019;2;1;
SÃO LUÍS;LETRAS - INGLÊS;LICENCIATURA PLENA;Matutino;Presencial;G;;;SISU - AMPLA CONCORRÊNCIA;2019;2;10;
SÃO LUÍS;LETRAS - INGLÊS;LICENCIATURA PLENA;Matutino;Presencial;G;;;SISU - ESCOLA PÚBLICA;2019;2;1;
SÃO LUÍS;LETRAS - INGLÊS;LICENCIATURA PLENA;Matutino;Presencial;G;;;SISU - ESCOLA PUBLICA - NEGRO;2019;2;3;
SÃO LUÍS;LETRAS - INGLÊS;LICENCIATURA PLENA;Matutino;Presencial;G;;;SISU - ESCOLA PUBLICA - NEGRO - RF;2019;2;4;
SÃO LUÍS;LETRAS - INGLÊS;LICENCIATURA PLENA;Matutino;Presencial;G;;;SISU - ESCOLA PUBLICA - RF;2019;2;1;
SÃO LUÍS;MATEMÁTICA;BACHARELADO;Vespertino;Presencial;G;;;SISU - AMPLA CONCORRÊNCIA;2019;2;13;
SÃO LUÍS;MATEMÁTICA;BACHARELADO;Vespertino;Presencial;G;;;SISU - ESCOLA PÚBLICA;2019;2;1;
SÃO LUÍS;MATEMÁTICA;BACHARELADO;Vespertino;Presencial;G;;;SISU - ESCOLA PUBLICA - NEGRO;2019;2;8;
SÃO LUÍS;MATEMÁTICA;BACHARELADO;Vespertino;Presencial;G;;;SISU - ESCOLA PUBLICA - NEGRO - RF;2019;2;4;
SÃO LUÍS;MATEMÁTICA;BACHARELADO;Vespertino;Presencial;G;;;SISU - ESCOLA PUBLICA - RF;2019;2;2;
SÃO LUÍS;MATEMÁTICA;LICENCIATURA PLENA;Vespertino;Presencial;G;;;MATRICULA GRADUADO;2019;2;1;
SÃO LUÍS;MEDICINA;BACHARELADO;Matutino e Vespertino;Presencial;G;;;JUDICIAL;2019;2;3;
SÃO LUÍS;MEDICINA;BACHARELADO;Matutino e Vespertino;Presencial;G;;;SISU - AMPLA CONCORRÊNCIA;2019;2;25;
SÃO LUÍS;MEDICINA;BACHARELADO;Matutino e Vespertino;Presencial;G;;;SISU - ESCOLA PÚBLICA;2019;2;2;
SÃO LUÍS;MEDICINA;BACHARELADO;Matutino e Vespertino;Presencial;G;;;SISU - ESCOLA PUBLICA - INDIO;2019;2;1;
SÃO LUÍS;MEDICINA;BACHARELADO;Matutino e Vespertino;Presencial;G;;;SISU - ESCOLA PUBLICA - NEGRO;2019;2;7;
SÃO LUÍS;MEDICINA;BACHARELADO;Matutino e Vespertino;Presencial;G;;;SISU - ESCOLA PUBLICA - NEGRO - DEFICIENTE - RF;2019;2;1;
SÃO LUÍS;MEDICINA;BACHARELADO;Matutino e Vespertino;Presencial;G;;;SISU - ESCOLA PUBLICA - NEGRO - RF;2019;2;8;
SÃO LUÍS;MEDICINA;BACHARELADO;Matutino e Vespertino;Presencial;G;;;SISU - ESCOLA PUBLICA - RF;2019;2;3;
SÃO LUÍS;NUTRIÇÃO;BACHARELADO;Matutino e Vespertino;Presencial;G;;;MATRICULA GRADUADO;2019;2;1;
SÃO LUÍS;NUTRIÇÃO;BACHARELADO;Matutino e Vespertino;Presencial;G;;;SISU - AMPLA CONCORRÊNCIA;2019;2;13;
SÃO LUÍS;NUTRIÇÃO;BACHARELADO;Matutino e Vespertino;Presencial;G;;;SISU - ESCOLA PÚBLICA;2019;2;1;
SÃO LUÍS;NUTRIÇÃO;BACHARELADO;Matutino e Vespertino;Presencial;G;;;SISU - ESCOLA PUBLICA - NEGRO;2019;2;6;
SÃO LUÍS;NUTRIÇÃO;BACHARELADO;Matutino e Vespertino;Presencial;G;;;SISU - ESCOLA PUBLICA - NEGRO - RF;2019;2;5;
SÃO LUÍS;NUTRIÇÃO;BACHARELADO;Matutino e Vespertino;Presencial;G;;;SISU - ESCOLA PUBLICA - RF;2019;2;1;
SÃO LUÍS;NUTRIÇÃO;BACHARELADO;Matutino e Vespertino;Presencial;G;;;TRANSFERÊNCIA VOLUNTÁRIA;2019;2;2;
SÃO LUÍS;OCEANOGRAFIA;BACHARELADO;Matutino e Vespertino;Presencial;G;;;SISU - AMPLA CONCORRÊNCIA;2019;2;14;
SÃO LUÍS;OCEANOGRAFIA;BACHARELADO;Matutino e Vespertino;Presencial;G;;;SISU - ESCOLA PUBLICA - NEGRO;2019;2;6;
SÃO LUÍS;OCEANOGRAFIA;BACHARELADO;Matutino e Vespertino;Presencial;G;;;SISU - ESCOLA PUBLICA - NEGRO - RF;2019;2;8;
SÃO LUÍS;ODONTOLOGIA;BACHARELADO;Matutino, Vespertino e Noturno;Presencial;G;;;JUDICIAL;2019;2;1;
SÃO LUÍS;ODONTOLOGIA;BACHARELADO;Matutino, Vespertino e Noturno;Presencial;G;;;MATRICULA GRADUADO;2019;2;1;
SÃO LUÍS;ODONTOLOGIA;BACHARELADO;Matutino, Vespertino e Noturno;Presencial;G;;;REOPCAO;2019;2;4;
SÃO LUÍS;ODONTOLOGIA;BACHARELADO;Matutino, Vespertino e Noturno;Presencial;G;;;SISU - AMPLA CONCORRÊNCIA;2019;2;17;
SÃO LUÍS;ODONTOLOGIA;BACHARELADO;Matutino, Vespertino e Noturno;Presencial;G;;;SISU - ESCOLA PÚBLICA;2019;2;2;
SÃO LUÍS;ODONTOLOGIA;BACHARELADO;Matutino, Vespertino e Noturno;Presencial;G;;;SISU - ESCOLA PUBLICA - INDIO;2019;2;1;
SÃO LUÍS;ODONTOLOGIA;BACHARELADO;Matutino, Vespertino e Noturno;Presencial;G;;;SISU - ESCOLA PUBLICA - NEGRO;2019;2;5;
SÃO LUÍS;ODONTOLOGIA;BACHARELADO;Matutino, Vespertino e Noturno;Presencial;G;;;SISU - ESCOLA PUBLICA - NEGRO - DEFICIENTE - RF;2019;2;1;
SÃO LUÍS;ODONTOLOGIA;BACHARELADO;Matutino, Vespertino e Noturno;Presencial;G;;;SISU - ESCOLA PUBLICA - NEGRO - RF;2019;2;6;
SÃO LUÍS;ODONTOLOGIA;BACHARELADO;Matutino, Vespertino e Noturno;Presencial;G;;;SISU - ESCOLA PUBLICA - RF;2019;2;2;
SÃO LUÍS;ODONTOLOGIA;BACHARELADO;Matutino, Vespertino e Noturno;Presencial;G;;;TRANSFERÊNCIA VOLUNTÁRIA;2019;2;10;
SÃO LUÍS;PEDAGOGIA;LICENCIATURA PLENA;Noturno;Presencial;G;;;SISU - AMPLA CONCORRÊNCIA;2019;2;19;
SÃO LUÍS;PEDAGOGIA;LICENCIATURA PLENA;Noturno;Presencial;G;;;SISU - ESCOLA PÚBLICA;2019;2;1;
SÃO LUÍS;PEDAGOGIA;LICENCIATURA PLENA;Noturno;Presencial;G;;;SISU - ESCOLA PUBLICA - NEGRO;2019;2;6;
SÃO LUÍS;PEDAGOGIA;LICENCIATURA PLENA;Noturno;Presencial;G;;;SISU - ESCOLA PUBLICA - NEGRO - RF;2019;2;7;
SÃO LUÍS;PEDAGOGIA;LICENCIATURA PLENA;Noturno;Presencial;G;;;SISU - ESCOLA PUBLICA - RF;2019;2;2;
SÃO LUÍS;PEDAGOGIA;LICENCIATURA PLENA;Vespertino;Presencial;G;;;SISU - AMPLA CONCORRÊNCIA;2019;2;16;
SÃO LUÍS;PEDAGOGIA;LICENCIATURA PLENA;Vespertino;Presencial;G;;;SISU - ESCOLA PÚBLICA;2019;2;2;
SÃO LUÍS;PEDAGOGIA;LICENCIATURA PLENA;Vespertino;Presencial;G;;;SISU - ESCOLA PUBLICA - NEGRO;2019;2;7;
SÃO LUÍS;PEDAGOGIA;LICENCIATURA PLENA;Vespertino;Presencial;G;;;SISU - ESCOLA PUBLICA - NEGRO - DEFICIENTE;2019;2;1;
SÃO LUÍS;PEDAGOGIA;LICENCIATURA PLENA;Vespertino;Presencial;G;;;SISU - ESCOLA PUBLICA - NEGRO - RF;2019;2;7;
SÃO LUÍS;PEDAGOGIA;LICENCIATURA PLENA;Vespertino;Presencial;G;;;SISU - ESCOLA PUBLICA - RF;2019;2;2;
SÃO LUÍS;PSICOLOGIA;BACHARELADO;Vespertino e Noturno;Presencial;G;;;SISU - AMPLA CONCORRÊNCIA;2019;2;20;
SÃO LUÍS;PSICOLOGIA;BACHARELADO;Vespertino e Noturno;Presencial;G;;;SISU - ESCOLA PÚBLICA;2019;2;2;
SÃO LUÍS;PSICOLOGIA;BACHARELADO;Vespertino e Noturno;Presencial;G;;;SISU - ESCOLA PUBLICA - NEGRO;2019;2;6;
SÃO LUÍS;PSICOLOGIA;BACHARELADO;Vespertino e Noturno;Presencial;G;;;SISU - ESCOLA PUBLICA - NEGRO - DEFICIENTE;2019;2;1;
SÃO LUÍS;PSICOLOGIA;BACHARELADO;Vespertino e Noturno;Presencial;G;;;SISU - ESCOLA PUBLICA - NEGRO - RF;2019;2;7;
SÃO LUÍS;PSICOLOGIA;BACHARELADO;Vespertino e Noturno;Presencial;G;;;SISU - ESCOLA PUBLICA - RF;2019;2;2;
SÃO LUÍS;QUÍMICA;BACHARELADO;Vespertino;Presencial;G;;;SISU - AMPLA CONCORRÊNCIA;2019;2;3;
SÃO LUÍS;QUÍMICA;BACHARELADO;Vespertino;Presencial;G;;;SISU - ESCOLA PUBLICA - NEGRO;2019;2;1;
SÃO LUÍS;QUÍMICA;BACHARELADO;Vespertino;Presencial;G;;;SISU - ESCOLA PUBLICA - NEGRO - RF;2019;2;1;
SÃO LUÍS;QUÍMICA;BACHARELADO;Vespertino;Presencial;G;;;TRANSFERÊNCIA VOLUNTÁRIA;2019;2;1;
SÃO LUÍS;QUÍMICA;LICENCIATURA PLENA;Vespertino;Presencial;G;;;SISU - AMPLA CONCORRÊNCIA;2019;2;18;
SÃO LUÍS;QUÍMICA;LICENCIATURA PLENA;Vespertino;Presencial;G;;;SISU - ESCOLA PÚBLICA;2019;2;2;
SÃO LUÍS;QUÍMICA;LICENCIATURA PLENA;Vespertino;Presencial;G;;;SISU - ESCOLA PUBLICA - NEGRO;2019;2;6;
SÃO LUÍS;QUÍMICA;LICENCIATURA PLENA;Vespertino;Presencial;G;;;SISU - ESCOLA PUBLICA - NEGRO - DEFICIENTE;2019;2;1;
SÃO LUÍS;QUÍMICA;LICENCIATURA PLENA;Vespertino;Presencial;G;;;SISU - ESCOLA PUBLICA - NEGRO - RF;2019;2;8;
SÃO LUÍS;QUÍMICA;LICENCIATURA PLENA;Vespertino;Presencial;G;;;SISU - ESCOLA PUBLICA - RF;2019;2;2;
SÃO LUÍS;QUIMICA INDUSTRIAL;BACHARELADO;Vespertino;Presencial;G;;;SISU - AMPLA CONCORRÊNCIA;2019;2;14;
SÃO LUÍS;QUIMICA INDUSTRIAL;BACHARELADO;Vespertino;Presencial;G;;;SISU - ESCOLA PÚBLICA;2019;2;1;
SÃO LUÍS;QUIMICA INDUSTRIAL;BACHARELADO;Vespertino;Presencial;G;;;SISU - ESCOLA PUBLICA - NEGRO;2019;2;4;
SÃO LUÍS;QUIMICA INDUSTRIAL;BACHARELADO;Vespertino;Presencial;G;;;SISU - ESCOLA PUBLICA - NEGRO - RF;2019;2;7;
SÃO LUÍS;SERVIÇO SOCIAL;BACHARELADO;Matutino e Vespertino;Presencial;G;;;SISU - AMPLA CONCORRÊNCIA;2019;2;19;
SÃO LUÍS;SERVIÇO SOCIAL;BACHARELADO;Matutino e Vespertino;Presencial;G;;;SISU - ESCOLA PÚBLICA;2019;2;2;
SÃO LUÍS;SERVIÇO SOCIAL;BACHARELADO;Matutino e Vespertino;Presencial;G;;;SISU - ESCOLA PUBLICA - NEGRO;2019;2;6;
SÃO LUÍS;SERVIÇO SOCIAL;BACHARELADO;Matutino e Vespertino;Presencial;G;;;SISU - ESCOLA PUBLICA - NEGRO - DEFICIENTE;2019;2;1;
SÃO LUÍS;SERVIÇO SOCIAL;BACHARELADO;Matutino e Vespertino;Presencial;G;;;SISU - ESCOLA PUBLICA - NEGRO - RF;2019;2;7;
SÃO LUÍS;SERVIÇO SOCIAL;BACHARELADO;Matutino e Vespertino;Presencial;G;;;SISU - ESCOLA PUBLICA - RF;2019;2;2;
SÃO LUÍS;TEATRO;LICENCIATURA PLENA;Matutino;Presencial;G;;;SISU - AMPLA CONCORRÊNCIA;2019;2;16;
SÃO LUÍS;TEATRO;LICENCIATURA PLENA;Matutino;Presencial;G;;;SISU - ESCOLA PUBLICA - NEGRO;2019;2;7;
SÃO LUÍS;TEATRO;LICENCIATURA PLENA;Matutino;Presencial;G;;;SISU - ESCOLA PUBLICA - NEGRO - DEFICIENTE;2019;2;1;
SÃO LUÍS;TEATRO;LICENCIATURA PLENA;Matutino;Presencial;G;;;SISU - ESCOLA PUBLICA - NEGRO - RF;2019;2;5;
SÃO LUÍS;TEATRO;LICENCIATURA PLENA;Matutino;Presencial;G;;;SISU - ESCOLA PUBLICA - RF;2019;2;2;
SÃO LUÍS;TURISMO;BACHARELADO;Matutino;Presencial;G;;;SISU - AMPLA CONCORRÊNCIA;2019;2;18;
SÃO LUÍS;TURISMO;BACHARELADO;Matutino;Presencial;G;;;SISU - ESCOLA PÚBLICA;2019;2;2;
SÃO LUÍS;TURISMO;BACHARELADO;Matutino;Presencial;G;;;SISU - ESCOLA PUBLICA - NEGRO;2019;2;7;
SÃO LUÍS;TURISMO;BACHARELADO;Matutino;Presencial;G;;;SISU - ESCOLA PUBLICA - NEGRO - RF;2019;2;7;
SÃO LUÍS;TURISMO;BACHARELADO;Matutino;Presencial;G;;;SISU - ESCOLA PUBLICA - RF;2019;2;2;
